{
  "create_response": {
    "instance_api_key": "[redacted]",
    "new_contract": 36878582,
    "success": true
  },
  "created_at": "2026-05-16T13:12:54Z",
  "offer": {
    "bid_price_usd": null,
    "cpu_cores": 12,
    "cpu_cores_effective": 6.0,
    "cpu_ram_gb": 15.61,
    "disk_bw_mb_s": 4427.700000000001,
    "disk_space_gb": 589.0,
    "dlperf": 45.11959822815727,
    "duration_days": 3846790.9288594723,
    "estimated_total_usd": 1.219561,
    "geolocation": "Poland, PL",
    "gpu": "1x RTX 3090",
    "gpu_ram_gb": 24.0,
    "hourly_usd": 0.152444,
    "inet_down_cost_usd_per_gb": 2.6041666666666666e-06,
    "inet_down_mbps": 879.2,
    "inet_up_cost_usd_per_gb": 3.90625e-06,
    "inet_up_mbps": 952.9,
    "offer_id": 36421739,
    "reliability": 0.9961972,
    "storage_cost_usd_per_gb_month": 0.19999999999999998,
    "tflops": 35.770368,
    "verified": "verified"
  }
}
